,id,version,score,vector
0,3817,38,0.5505512,
1,4239,42,0.5003666,
2,3813,38,0.4656511,
3,544,5,0.416682,
4,541,5,0.40710837,
5,2171,21,0.39778262,
6,2033,20,0.38864782,
7,2012,20,0.3850716,
8,4670,46,0.38423616,
9,4545,45,0.3814999,
